-- DELETE FROM EMP WHERE ENAME='ADAMS' ;
-- COMMIT;

-- DROP TABLE PROFESSOR ;

CREATE TABLE PROFESSOR
(PROFNO NUMBER(4) PRIMARY KEY,
 NAME  VARCHAR2(20) NOT NULL, 
 ID  VARCHAR2(15) NOT NULL,
 POSITION VARCHAR2 (30) NOT NULL,
 PAY NUMBER (3) NOT NULL,
 HIREDATE  DATE NOT NULL,
 BONUS NUMBER(4) ,
 DEPTNO  NUMBER(3),
 EMAIL  VARCHAR2(50),
 HPAGE  VARCHAR2(50)) TABLESPACE USERS;

INSERT INTO PROFESSOR
VALUES(1001,'AUDIE MURPHY','MURPHY','A FULL PROFESSOR',550,TO_DATE('1980-06-23','YYYY-MM-DD'),100,101,'CAPTAIN@ABC.NET','HTTP://WWW.ABC.NET');

INSERT INTO PROFESSOR
VALUES(1002,'ANGELA BASSETT','BASSETT','ASSISTANT PROFESSOR',380,TO_DATE('1987-01-30','YYYY-MM-DD'),60,101,'SWEETY@ABC.NET','HTTP://WWW.ABC.NET');

INSERT INTO PROFESSOR
VALUES (1003,'JESSICA LANGE','LANGE','INSTRUCTOR',270,TO_DATE('1998-03-22','YYYY-MM-DD'),NULL,101,'PMAN@POWER.COM','HTTP://WWW.POWER.COM');

INSERT INTO PROFESSOR
VALUES (2001,'WINONA RYDER','RYDER','INSTRUCTOR',250,TO_DATE('2001-09-01','YYYY-MM-DD'),NULL,102,'LAMB1@HAMAIL.NET',NULL);

INSERT INTO PROFESSOR
VALUES (2002,'MICHELLE PFEIFFER','PFEIFFER','ASSISTANT PROFESSOR',350,TO_DATE('1985-11-30','YYYY-MM-DD'),80,102,'NUMBER1@NAVER.COM','HTTP://NUM1.NAVER.COM');

INSERT INTO PROFESSOR
VALUES (2003,'WHOOPI GOLDBERG','GOLDBERG','A FULL PROFESSOR',490,TO_DATE('1982-04-29','YYYY-MM-DD'),90,102,'BDRAGON@NAVER.COM',NULL);

INSERT INTO PROFESSOR
VALUES (3001,'EMMA THOMPSON','THOMPSON','A FULL PROFESSOR',530,TO_DATE('1981-10-23','YYYY-MM-DD'),110,103,'ANGEL1004@HANMIR.COM',NULL);

INSERT INTO PROFESSOR
VALUES (3002,'JULIA ROBERTS','ROBERTS','ASSISTANT PROFESSOR',330,TO_DATE('1997-07-01','YYYY-MM-DD'),50,103,'NAONE10@EMPAL.COM',NULL);

INSERT INTO PROFESSOR
VALUES (3003,'SHARON STONE','STONE','INSTRUCTOR',290,TO_DATE('2002-02-24','YYYY-MM-DD'),NULL,103,'ONLY_U@ABC.COM',NULL);

INSERT INTO PROFESSOR
VALUES (4001,'MERYL STREEP','STREEP','A FULL PROFESSOR',570,TO_DATE('1981-10-23','YYYY-MM-DD'),130,201,'CHEBIN@DAUM.NET',NULL);

INSERT INTO PROFESSOR
VALUES (4002,'SUSAN SARANDON','SARANDON','ASSISTANT PROFESSOR',330,TO_DATE('2009-08-30','YYYY-MM-DD'),NULL,201,'GOGOGO@DEF.COM',NULL);

INSERT INTO PROFESSOR
VALUES (4003,'NICOLE KIDMAN','KIDMAN','ASSISTANT PROFESSOR',310,TO_DATE('1999-12-01','YYYY-MM-DD'),50,202,'MYPRIDE@HANMAIL.NET',NULL);

INSERT INTO PROFESSOR
VALUES (4004,'HOLLY HUNTER','HUNTER','INSTRUCTOR',260,TO_DATE('2009-01-28','YYYY-MM-DD'),NULL,202,'IRONMAN@NAVER.COM',NULL);

INSERT INTO PROFESSOR
VALUES (4005,'MEG RYAN','RYAN','A FULL PROFESSOR',500,TO_DATE('1985-09-18','YYYY-MM-DD'),80,203,'STANDKANG@NAVER.COM',NULL);

INSERT INTO PROFESSOR 
VALUES (4006,'ANDIE MACDOWELL','MACDOWELL','INSTRUCTOR',220,TO_DATE('2010-06-28','YYYY-MM-DD'),NULL,301,'NAPEOPLE@JASS.COM',NULL);

INSERT INTO PROFESSOR
VALUES (4007,'JODIE FOSTER','FOSTER','ASSISTANT PROFESSOR',290,TO_DATE('2001-05-23','YYYY-MM-DD'),30,301,'SILVER-HER@DAUM.NET',NULL);

COMMIT;

DROP TABLE DEPARTMENT PURGE;
CREATE TABLE DEPARTMENT
( DEPTNO NUMBER(3) PRIMARY KEY ,
  DNAME VARCHAR2(50) NOT NULL,
  PART NUMBER(3),
  BUILD  VARCHAR2(30))TABLESPACE USERS;

INSERT INTO DEPARTMENT 
VALUES (101,'COMPUTER ENGINEERING',100,'INFORMATION BLDG');

INSERT INTO DEPARTMENT
VALUES (102,'MULTIMEDIA ENGINEERING',100,'MULTIMEDIA BLDG');

INSERT INTO DEPARTMENT
VALUES (103,'SOFTWARE ENGINEERING',100,'SOFTWARE BLDG');

INSERT INTO DEPARTMENT
VALUES (201,'ELECTRONIC ENGINEERING',200,'ELECTRONIC CONTROL BLDG');

INSERT INTO DEPARTMENT
VALUES (202,'MECHANICAL ENGINEERING',200,'MACHINING EXPERIMENT BLDG');

INSERT INTO DEPARTMENT
VALUES (203,'CHEMICAL ENGINEERING',200,'CHEMICAL EXPERIMENT BLDG');

INSERT INTO DEPARTMENT
VALUES (301,'LIBRARY AND INFORMATION SCIENCE',300,'COLLEGE OF LIBERAL ARTS');

INSERT INTO DEPARTMENT
VALUES (100,'DEPARTMENT OF COMPUTER INFORMATION',10,NULL);

INSERT INTO DEPARTMENT
VALUES (200,'DEPARTMENT OF MECHATRONICS',10,NULL);

INSERT INTO DEPARTMENT
VALUES (300,'DEPARTMENT OF HUMANITIES AND SOCIETY',20,NULL);

INSERT INTO DEPARTMENT
VALUES (10,'COLLEGE OF ENGINEERING',NULL,NULL);

INSERT INTO DEPARTMENT
VALUES (20,'COLLEGE OF LIBERAL ARTS',NULL,NULL);

COMMIT;
 

DROP TABLE STUDENT PURGE;

CREATE TABLE STUDENT
( STUDNO NUMBER(4) PRIMARY KEY,
  NAME   VARCHAR2(30) NOT NULL,
  ID VARCHAR2(20) NOT NULL UNIQUE,
  GRADE NUMBER CHECK(GRADE BETWEEN 1 AND 6),
  JUMIN CHAR(13) NOT NULL,
  BIRTHDAY  DATE,
  TEL VARCHAR2(15),
  HEIGHT  NUMBER(4),
  WEIGHT  NUMBER(3),
  DEPTNO1 NUMBER(3),
  DEPTNO2 NUMBER(3),
  PROFNO  NUMBER(4)) TABLESPACE USERS;

INSERT INTO STUDENT VALUES (
9411,'JAMES SEO','75TRUE',4,'7510231901813',TO_DATE('1975-10-23','YYYY-MM-DD'),'055)381-2158',180,72,101,201,1001);

INSERT INTO STUDENT VALUES (
9412,'RENE RUSSO','RUSSO',4,'7502241128467',TO_DATE('1975-02-24','YYYY-MM-DD'),'051)426-1700',172,64,102,NULL,2001);

INSERT INTO STUDENT VALUES (
9413,'SANDRA BULLOCK','BULLOCK',4,'7506152123648',TO_DATE('1975-06-15','YYYY-MM-DD'),'053)266-8947',168,52,103,203,3002);

INSERT INTO STUDENT VALUES (
9414,'DEMI MOORE','MOORE',4,'7512251063421',TO_DATE('1975-12-25','YYYY-MM-DD'),'02)6255-9875',177,83,201,NULL,4001);

INSERT INTO STUDENT VALUES (
9415,'DANNY GLOVER','GLOVER',4,'7503031639826',TO_DATE('1975-03-03','YYYY-MM-DD'),'031)740-6388',182,70,202,NULL,4003);

INSERT INTO STUDENT VALUES (
9511,'BILLY CRYSTAL','CRYSTAL',3,'7601232186327',TO_DATE('1976-01-23','YYYY-MM-DD'),'055)333-6328',164,48,101,NULL,1002);

INSERT INTO STUDENT VALUES (
9512,'NICHOLAS CAGE','CAGE',3,'7604122298371',TO_DATE('1976-04-12','YYYY-MM-DD'),'051)418-9627',161,42,102,201,2002);

INSERT INTO STUDENT VALUES (
9513,'MICHEAL KEATON','KEATON',3,'7609112118379',TO_DATE('1976-09-11','YYYY-MM-DD'),'051)724-9618',177,55,202,NULL,4003);

INSERT INTO STUDENT VALUES (
9514,'BILL MURRAY','MURRAY',3,'7601202378641',TO_DATE('1976-01-20','YYYY-MM-DD'),'055)296-3784',160,58,301,101,4007);

INSERT INTO STUDENT VALUES (
9515,'MACAULAY CULKIN','CULKIN',3,'7610122196482',TO_DATE('1976-10-12','YYYY-MM-DD'),'02)312-9838',171,54,201,NULL,4001);

INSERT INTO STUDENT VALUES (
9611,'RICHARD DREYFUS','DREYFUS',2,'7711291186223',TO_DATE('1977-11-29','YYYY-MM-DD'),'02)6788-4861',182,72,101,NULL,1002);

INSERT INTO STUDENT VALUES (
9612,'TIM ROBBINS','ROBBINS',2,'7704021358674',TO_DATE('1977-04-02','YYYY-MM-DD'),'055)488-2998',171,70,102,NULL,2001);

INSERT INTO STUDENT VALUES (
9613,'WESLEY SNIPES','SNIPES',2,'7709131276431',TO_DATE('1977-09-13','YYYY-MM-DD'),'053)736-4981',175,82,201,NULL,4002);

INSERT INTO STUDENT VALUES (
9614,'STEVE MARTIN','MARTIN',2,'7702261196365',TO_DATE('1977-02-26','YYYY-MM-DD'),'02)6175-3945',166,51,201,NULL,4003);

INSERT INTO STUDENT VALUES (
9615,'DANIEL DAY-LEWIS','DAY-LEWIS',2,'7712141254963',TO_DATE('1977-12-14','YYYY-MM-DD'),'051)785-6984',184,62,301,NULL,4007);

INSERT INTO STUDENT VALUES (
9711,'DANNY DEVITO','DEVITO',1,'7808192157498',TO_DATE('1978-08-19','YYYY-MM-DD'),'055)278-3649',162,48,101,NULL,NULL);

INSERT INTO STUDENT VALUES (
9712,'SEAN CONNERY','CONNERY',1,'7801051776346',TO_DATE('1978-01-05','YYYY-MM-DD'),'02)381-5440',175,63,201,NULL,NULL);

INSERT INTO STUDENT VALUES (
9713,'CHRISTIAN SLATER','SLATER',1,'7808091786954',TO_DATE('1978-08-09','YYYY-MM-DD'),'031)345-5677',173,69,201,NULL,NULL);

INSERT INTO STUDENT VALUES (
9714,'CHARLIE SHEEN','SHEEN',1,'7803241981987',TO_DATE('1978-03-24','YYYY-MM-DD'),'055)423-9870',179,81,102,NULL,NULL);

INSERT INTO STUDENT VALUES (
9715,'ANTHONY HOPKINS','HOPKINS',1,'7802232116784',TO_DATE('1978-02-23','YYYY-MM-DD'),'02)6122-2345',163,51,103,NULL,NULL);

COMMIT;

DROP TABLE EMP2 CASCADE CONSTRAINT ;

CREATE TABLE EMP2 (
 EMPNO       NUMBER  PRIMARY KEY,
 NAME        VARCHAR2(30) NOT NULL,
 BIRTHDAY    DATE,
 DEPTNO      VARCHAR2(06) NOT NULL,
 EMP_TYPE    VARCHAR2(30),
 TEL         VARCHAR2(15),
 HOBBY       VARCHAR2(30),
 PAY         NUMBER,
 POSITION    VARCHAR2(30),
 PEMPNO      NUMBER
);

INSERT INTO EMP2 VALUES (19900101,'KURT RUSSELL',TO_DATE('19640125','YYYYMMDD'),'0001','PERMANENT EMPLOYEE','054)223-0001','MUSIC',100000000,'BOSS',NULL);
INSERT INTO EMP2 VALUES (19960101,'AL PACINO',TO_DATE('19730322','YYYYMMDD'),'1000','PERMANENT EMPLOYEE','02)6255-8000','READING',72000000,'DEPARTMENT HEAD',19900101);
INSERT INTO EMP2 VALUES (19970201,'WOODY HARRELSON',TO_DATE('19750415','YYYYMMDD'),'1000','PERMANENT EMPLOYEE','02)6255-8005','FITNESS',50000000,'SECTION HEAD',19960101);
INSERT INTO EMP2 VALUES (19930331,'TOMMY LEE JONES',TO_DATE('19760525','YYYYMMDD'),'1001','PERMENT EMPLOYEE','02)6255-8010','BIKE',60000000,'DEPUTY DEPARTMENT HEAD',19960101);
INSERT INTO EMP2 VALUES (19950303,'GENE HACKMAN',TO_DATE('19730615','YYYYMMDD'),'1002','PERMENT EMPLOYEE','02)6255-8020','MARATHON',56000000,'SECTION HEAD',19960101);
INSERT INTO EMP2 VALUES (19966102,'KEVIN BACON',TO_DATE('19720705','YYYYMMDD'),'1003','PERMENT EMPLOYEE','052)223-4000','MUSIC',75000000,'DEPARTMENT HEAD',19900101);
INSERT INTO EMP2 VALUES (19930402,'HUGH GRANT',TO_DATE('19720815','YYYYMMDD'),'1004','PERMENT EMPLOYEE','042)998-7005','CLIMB',51000000,'SECTION HEAD',19966102);
INSERT INTO EMP2 VALUES (19960303,'KEANU REEVES',TO_DATE('19710925','YYYYMMDD'),'1005','PERMENT EMPLOYEE','031)564-3340','CLIMB',35000000,'DEPUTY SECTION CHIEF',19966102);
INSERT INTO EMP2 VALUES (19970112,'VAL KILMER',TO_DATE('19761105','YYYYMMDD'),'1006','PERMENT EMPLOYEE','054)223-4500','SWIM',68000000,'DEPARTMENT HEAD',19900101);
INSERT INTO EMP2 VALUES (19960212,'CHRIS O''DONNELL',TO_DATE('19721215','YYYYMMDD'),'1007','PERMENT EMPLOYEE','054)223-4600',NULL,49000000,'SECTION HEAD',19970112);
INSERT INTO EMP2 VALUES (20000101,'JACK NICHOLSON',TO_DATE('19850125','YYYYMMDD'),'1008','CONTRACTED WORKER','051)123-4567','CLIMB', 30000000,'',19960212);
INSERT INTO EMP2 VALUES (20000102,'DENZEL WASHINGTON',TO_DATE('19830322','YYYYMMDD'),'1009','CONTRACTED WORKER','031)234-5678','FISHING', 30000000,'',19960212);
INSERT INTO EMP2 VALUES (20000203,'RICHARD GERE',TO_DATE('19820415','YYYYMMDD'),'1010','CONTRACTED WORKER','02)2345-6789','BADUK', 30000000,'',19960212);
INSERT INTO EMP2 VALUES (20000334,'KEVIN COSTNER',TO_DATE('19810525','YYYYMMDD'),'1011','CONTRACTED WORKER','053)456-7890','SINGING', 30000000,'',19960212);
INSERT INTO EMP2 VALUES (20000305,'JOHNTRAVOLTA',TO_DATE('19800615','YYYYMMDD'),'1008','PROBATION','051)567-8901','READING BOOK', 22000000,'',19960212);
INSERT INTO EMP2 VALUES (20006106,'ROBERT DE NIRO',TO_DATE('19800705','YYYYMMDD'),'1009','PROBATION','031)678-9012','DRIKING',   22000000,'',19960212);
INSERT INTO EMP2 VALUES (20000407,'SLY STALLONE',TO_DATE('19800815','YYYYMMDD'),'1010','PROBATION','02)2789-0123','COMPUTER GAME', 22000000,'',19960212);
INSERT INTO EMP2 VALUES (20000308,'TOM CRUISE',TO_DATE('19800925','YYYYMMDD'),'1011','INTERN','053)890-1234','GOLF', 20000000,'',19960212);
INSERT INTO EMP2 VALUES (20000119,'HARRISON FORD',TO_DATE('19801105','YYYYMMDD'),'1004','INTERN','042)901-2345','DRINKING',   20000000,'',19930402);
INSERT INTO EMP2 VALUES (20000210,'CLINT EASTWOOD',TO_DATE('19801215','YYYYMMDD'),'1005','INTERN','031)345-3456','READING BOOK', 20000000,'',19960303);
COMMIT;

DROP TABLE DEPT2 CASCADE CONSTRAINT;

CREATE TABLE DEPT2 (
 DCODE   VARCHAR2(06)  PRIMARY KEY,
 DNAME   VARCHAR2(30) NOT NULL,
 PDEPT VARCHAR2(06) ,
 AREA        VARCHAR2(30)
);

INSERT INTO DEPT2 VALUES ('0001','PRESIDENT','','POHANG MAIN OFFICE');
INSERT INTO DEPT2 VALUES ('1000','MANAGEMENT SUPPORT TEAM','0001','SEOUL BRANCH OFFICE');
INSERT INTO DEPT2 VALUES ('1001','FINANCIAL MANAGEMENT TEAM','1000','SEOUL BRANCH OFFICE');
INSERT INTO DEPT2 VALUES ('1002','GENERAL AFFAIRS','1000','SEOUL BRANCH OFFICE');
INSERT INTO DEPT2 VALUES ('1003','ENGINEERING DIVISION','0001','POHANG MAIN OFFICE');
INSERT INTO DEPT2 VALUES ('1004','H/W SUPPORT TEAM','1003','DAEJEON BRANCH OFFICE');
INSERT INTO DEPT2 VALUES ('1005','S/W SUPPORT TEAM','1003','KYUNGGI BRANCH OFFICE');
INSERT INTO DEPT2 VALUES ('1006','BUSINESS DEPARTMENT','0001','POHANG MAIN OFFICE');
INSERT INTO DEPT2 VALUES ('1007','BUSINESS PLANNING TEAM','1006','POHANG MAIN OFFICE');
INSERT INTO DEPT2 VALUES ('1008','SALES1 TEAM','1007','BUSAN BRANCH OFFICE');
INSERT INTO DEPT2 VALUES ('1009','SALES2 TEAM','1007','KYUNGGI BRANCH OFFICE');
INSERT INTO DEPT2 VALUES ('1010','SALES3 TEAM','1007','SEOUL BRANCH OFFICE');
INSERT INTO DEPT2 VALUES ('1011','SALES4 TEAM','1007','ULSAN BRANCH OFFICE');

COMMIT;

DROP TABLE CAL PURGE ;

CREATE TABLE CAL
   (WEEKNO  VARCHAR2(1),
    DAY   VARCHAR2(5),
    DAYNO VARCHAR2(2)) ;

INSERT INTO CAL VALUES ('1','SUN','1');
INSERT INTO CAL VALUES ('1','MON','2');
INSERT INTO CAL VALUES ('1','TUE','3');
INSERT INTO CAL VALUES ('1','WED','4');
INSERT INTO CAL VALUES ('1','THU','5');
INSERT INTO CAL VALUES ('1','FRI','6');
INSERT INTO CAL VALUES ('1','SAT','7');
INSERT INTO CAL VALUES ('2','SUN','8');
INSERT INTO CAL VALUES ('2','MON','9');
INSERT INTO CAL VALUES ('2','TUE','10');
INSERT INTO CAL VALUES ('2','WED','11');
INSERT INTO CAL VALUES ('2','THU','12');
INSERT INTO CAL VALUES ('2','FRI','13');
INSERT INTO CAL VALUES ('2','SAT','14');
INSERT INTO CAL VALUES ('3','SUN','15');
INSERT INTO CAL VALUES ('3','MON','16');
INSERT INTO CAL VALUES ('3','TUE','17');
INSERT INTO CAL VALUES ('3','WED','18');
INSERT INTO CAL VALUES ('3','THU','19');
INSERT INTO CAL VALUES ('3','FRI','20');
INSERT INTO CAL VALUES ('3','SAT','21');
INSERT INTO CAL VALUES ('4','SUN','22');
INSERT INTO CAL VALUES ('4','MON','23');
INSERT INTO CAL VALUES ('4','TUE','24');
INSERT INTO CAL VALUES ('4','WED','25');
INSERT INTO CAL VALUES ('4','THU','26');
INSERT INTO CAL VALUES ('4','FRI','27');
INSERT INTO CAL VALUES ('4','SAT','28');
INSERT INTO CAL VALUES ('5','SUN','29');
INSERT INTO CAL VALUES ('5','MON','30');
INSERT INTO CAL VALUES ('5','TUE','31');
COMMIT ;

DROP TABLE GIFT PURGE ;

CREATE TABLE GIFT
( GNO  NUMBER ,
  GNAME VARCHAR2(30) ,
  G_START  NUMBER ,
  G_END  NUMBER );

INSERT INTO GIFT VALUES(1,'TUNA SET',1,100000);
INSERT INTO GIFT VALUES(2,'SHAMPOO SET',100001,200000);
INSERT INTO GIFT VALUES(3,'CAR WASH SET',200001,300000);
INSERT INTO GIFT VALUES(4,'KITCHEN SUPPLIES SET',300001,400000);
INSERT INTO GIFT VALUES(5,'MOUNTAIN BIKE',400001,500000);
INSERT INTO GIFT VALUES(6,'LCD MONITOR',500001,600000);
INSERT INTO GIFT VALUES(7,'NOTEBOOK',600001,700000);
INSERT INTO GIFT VALUES(8,'WALL-MOUNTABLE TV',700001,800000);
INSERT INTO GIFT VALUES(9,'DRUM WASHING MACHINE',800001,900000);
INSERT INTO GIFT VALUES(10,'REFRIGERATOR',900001,1000000);
COMMIT ;


DROP TABLE CUSTOMER PURGE;

CREATE TABLE CUSTOMER
(GNO  NUMBER(8) ,
 GNAME VARCHAR2(30) ,
 JUMIN CHAR(13) ,
 POINT NUMBER) ;

INSERT INTO CUSTOMER VALUES (20010001,'JAMES SEO','7510231369824',980000);
INSERT INTO CUSTOMER VALUES (20010002,'MEL GIBSON','7502241128467',73000);
INSERT INTO CUSTOMER VALUES (20010003,'BRUCE WILLIS','7506152123648',320000);
INSERT INTO CUSTOMER VALUES (20010004,'BILL PULLMAN','7512251063421',65000);
INSERT INTO CUSTOMER VALUES (20010005,'LIAM NEESON','7503031639826',180000);
INSERT INTO CUSTOMER VALUES (20010006,'SAMUEL JACKSON','7601232186327',153000);
INSERT INTO CUSTOMER VALUES (20010007,'AHNJIHYE','7604212298371',273000);
INSERT INTO CUSTOMER VALUES (20010008,'JIM CARREY','7609112118379',315000);
INSERT INTO CUSTOMER VALUES (20010009,'MORGAN FREEMAN','7601202378641',542000);
INSERT INTO CUSTOMER VALUES (20010010,'ARNOLD SCHARZ','7610122196482',265000);
INSERT INTO CUSTOMER VALUES (20010011,'BRAD PITT','7711291186223',110000);
INSERT INTO CUSTOMER VALUES (20010012,'MICHAEL DOUGLAS','7704021358674',99000);
INSERT INTO CUSTOMER VALUES (20010013,'ROBIN WILLIAMS','7709131276431',470000);
INSERT INTO CUSTOMER VALUES (20010014,'TOM HANKS','7702261196365',298000);
INSERT INTO CUSTOMER VALUES (20010015,'ANGELA BASSETT','7712141254963',420000);
INSERT INTO CUSTOMER VALUES (20010016,'JESSICA LANGE','7808192157498',598000);
INSERT INTO CUSTOMER VALUES (20010017,'WINONA RYDER','7801051776346',625000);
INSERT INTO CUSTOMER VALUES (20010018,'MICHELLE PFEIFFER','7808091786954',670000);
INSERT INTO CUSTORMER VALUES (20010019,'WHOOPI GOLDBERG','7803242114563',770000);
INSERT INTO CUSTORMER VALUES (20010020,'EMMA THOMPSON','7802232116784',730000);
COMMIT ;

DROP TABLE HAKJUM PURGE ;

CREATE TABLE HAKJUM
(GRADE CHAR(3) ,
 MIN_POINT  NUMBER ,
 MAX_POINT  NUMBER );

INSERT INTO HAKJUM VALUES ('A+',96,100);
INSERT INTO HAKJUM VALUES ('A0',90,95);
INSERT INTO HAKJUM VALUES ('B+',86,89);
INSERT INTO HAKJUM VALUES ('B0',80,85);
INSERT INTO HAKJUM VALUES ('C+',76,79);
INSERT INTO HAKJUM VALUES ('C0',70,75);
INSERT INTO HAKJUM VALUES ('D',0,69);

COMMIT;


DROP TABLE SCORE PURGE ;

CREATE TABLE SCORE
(STUDNO  NUMBER ,
 TOTAL NUMBER);

INSERT INTO SCORE VALUES (9411,97);
INSERT INTO SCORE VALUES (9412,78);
INSERT INTO SCORE VALUES (9413,83);
INSERT INTO SCORE VALUES (9414,62);
INSERT INTO SCORE VALUES (9415,88);
INSERT INTO SCORE VALUES (9511,92);
INSERT INTO SCORE VALUES (9512,87);
INSERT INTO SCORE VALUES (9513,81);
INSERT INTO SCORE VALUES (9514,79);
INSERT INTO SCORE VALUES (9515,95);
INSERT INTO SCORE VALUES (9611,89);
INSERT INTO SCORE VALUES (9612,77);
INSERT INTO SCORE VALUES (9613,86);
INSERT INTO SCORE VALUES (9614,82);
INSERT INTO SCORE VALUES (9615,87);
INSERT INTO SCORE VALUES (9711,91);
INSERT INTO SCORE VALUES (9712,88);
INSERT INTO SCORE VALUES (9713,82);
INSERT INTO SCORE VALUES (9714,83);
INSERT INTO SCORE VALUES (9715,84);

COMMIT ;

DROP TABLE P_GRADE PURGE ;

CREATE TABLE P_GRADE
( POSITION  VARCHAR2(30) ,
  S_AGE NUMBER ,
  E_AGE NUMBER ,
  S_YEAR NUMBER ,
  E_YEAR NUMBER ,
  S_PAY  NUMBER ,
  E_PAY  NUMBER );

INSERT INTO P_GRADE VALUES ('MANAGER',0,24,1,2,12000000,29990000);
INSERT INTO P_GRADE VALUES ('DEPUTY SECTION CHIEF',25,28,3,5,30000000,45000000);
INSERT INTO P_GRADE VALUES ('SECTION HEAD',29,32,6,8,45010000,51000000);
INSERT INTO P_GRADE VALUES ('DEPUTY DEPARTMENT HEAD',33,36,9,10,51010000,60000000);
INSERT INTO P_GRADE VALUES ('DEPARTMENT HEAD',37,40,11,13,60010000,75000000);
INSERT INTO P_GRADE VALUES ('DIRECTOR',41,55,14,99,75010000,100000000);

COMMIT ;


DROP TABLE T_REG PURGE ;

CREATE TABLE T_REG
( TEXT VARCHAR2(10)) ;

INSERT ALL
INTO T_REG VALUES('ABC123')
INTO T_REG VALUES('ABC 123')
INTO T_REG VALUES('ABC  123')
INTO T_REG VALUES('ABC 123')
INTO T_REG VALUES('ABC  123')
INTO T_REG VALUES('A1B2C3')
INTO T_REG VALUES('AABBCC123')
INTO T_REG VALUES('?/!@#$*&')
INTO T_REG VALUES('\~*().,')
INTO T_REG VALUES(123123)
INTO T_REG VALUES('123ABC')
INTO T_REG VALUES('ABC')
SELECT  *  FROM DUAL ;

COMMIT;


-- INSERT ALL TEST TABLE

DROP TABLE P_01 PURGE;
DROP TABLE P_02 PURGE;

CREATE TABLE P_01
(NO  NUMBER ,
 NAME VARCHAR2(15) );

CREATE TABLE P_02
(NO NUMBER ,
 NAME VARCHAR2(15) );



-- MERGE TEST TABLE

DROP TABLE PT_01 PURGE;
DROP TABLE PT_02 PURGE;
DROP TABLE P_TOTAL PURGE;

CREATE TABLE PT_01
(SNO VARCHAR2(8) , PNO CHAR(4) , QTY NUMBER , PRICE  NUMBER) ;

CREATE TABLE PT_02
(SNO VARCHAR2(8) , PNO CHAR(4) , QTY NUMBER , PRICE NUMBER) ;

CREATE TABLE P_TOTAL
(SNO  VARCHAR2(8) , PNO CHAR(4) , QTY NUMBER , PRICE NUMBER) ;

INSERT ALL
 INTO PT_01 VALUES ('12010101','1000',1,500)
 INTO PT_01 VALUES ('12010102','1001',1,400)
 INTO PT_01 VALUES ('12010103','1003',1,300)
 INTO PT_02 VALUES ('12010201','1004',1,600)
 INTO PT_02 VALUES ('12010202','1000',1,500)
 INTO PT_02 VALUES ('12010203','1005',1,700)
 SELECT * FROM DUAL ;

COMMIT;

-- DML ERROR LOGGING TEST TABLE

DROP TABLE DML_ERR_TEST PURGE;

CREATE TABLE DML_ERR_TEST
( NO NUMBER PRIMARY KEY,
  NAME VARCHAR2(10));

INSERT ALL
INTO DML_ERR_TEST VALUES (1,'AAA')
INTO DML_ERR_TEST VALUES (2,'BBB')
SELECT  * FROM DUAL ;

COMMIT ;

CREATE OR REPLACE PROCEDURE PRINT_TABLE( P_QUERY IN VARCHAR2 )
AUTHID CURRENT_USER
IS
    L_THECURSOR     INTEGER DEFAULT DBMS_SQL.OPEN_CURSOR;
    L_COLUMNVALUE   VARCHAR2(4000);
    L_STATUS        INTEGER;
    L_DESCTBL       DBMS_SQL.DESC_TAB;
    L_COLCNT        NUMBER;
BEGIN
    EXECUTE IMMEDIATE
    'ALTER SESSION SET
        NLS_DATE_FORMAT=''YYYY-MM-DD:HH24:MI:SS'' ';
    DBMS_SQL.PARSE(  L_THECURSOR,  P_QUERY, DBMS_SQL.NATIVE );
    DBMS_SQL.DESCRIBE_COLUMNS
    ( L_THECURSOR, L_COLCNT, L_DESCTBL );
    FOR I IN 1 .. L_COLCNT LOOP
        DBMS_SQL.DEFINE_COLUMN
        (L_THECURSOR, I, L_COLUMNVALUE, 4000);
    END LOOP;
    L_STATUS := DBMS_SQL.EXECUTE(L_THECURSOR);
    WHILE ( DBMS_SQL.FETCH_ROWS(L_THECURSOR) > 0 ) LOOP
        FOR I IN 1 .. L_COLCNT LOOP
            DBMS_SQL.COLUMN_VALUE
            ( L_THECURSOR, I, L_COLUMNVALUE );
            DBMS_OUTPUT.PUT_LINE
            ( RPAD( L_DESCTBL(I).COL_NAME, 30 )
              || ': ' ||
              L_COLUMNVALUE );
        END LOOP;
        DBMS_OUTPUT.PUT_LINE( '-----------------' );
    END LOOP;
    EXECUTE IMMEDIATE
        'ALTER SESSION SET NLS_DATE_FORMAT=''YYYY-MM-DD'' ';
EXCEPTION
    WHEN OTHERS THEN
      EXECUTE IMMEDIATE
          'ALTER SESSION SET NLS_DATE_FORMAT=''YYYY-MM-DD'' ';
      RAISE;
END;
 /


-- CONSTRAINT TEST TABLE

DROP TABLE T_NOVALIDATE PURGE ;
DROP TABLE TEST_NOVALIDATE PURGE ;

CREATE TABLE T_NOVALIDATE
( NO NUMBER PRIMARY KEY ,
  NAME VARCHAR2(10) NOT NULL );

INSERT INTO T_NOVALIDATE VALUES(1,'AAA');
INSERT INTO T_NOVALIDATE VALUES(2,'BBB');
INSERT INTO T_NOVALIDATE VALUES(3,'CCC');
COMMIT ;

DROP TABLE T_VALIDATE PURGE ;
DROP TABLE TEST_VALIDATE PURGE;

CREATE TABLE T_VALIDATE
 ( NO NUMBER
    CONSTRAINT TV_NO_PK PRIMARY KEY ,
   NAME  VARCHAR2(10)
    CONSTRAINT TV_NAME_NN NOT NULL) ;

INSERT INTO T_VALIDATE VALUES (1,'AAA');
INSERT INTO T_VALIDATE VALUES (2,'BBB');
INSERT INTO T_VALIDATE VALUES (3,'CCC');
COMMIT ;

DROP TABLE T_ENABLE PURGE;
DROP TABLE TEST_ENABLE PURGE ;

CREATE TABLE T_ENABLE
 ( NO NUMBER
    CONSTRAINT TE_NO_PK PRIMARY KEY ,
   NAME VARCHAR2(10)
    CONSTRAINT TE_NAME_NN NOT NULL) ;



-- GROUP FUNCTION TEST TABLE

DROP TABLE PRODUCT PURGE ;

CREATE TABLE PRODUCT
( P_CODE  NUMBER(3) PRIMARY KEY,
  P_NAME VARCHAR2(20) NOT NULL ,
  P_PRICE  NUMBER) ;


INSERT INTO PRODUCT VALUES (100,'SHRIMP SNACK',800);
INSERT INTO PRODUCT VALUES (101,'PATATO SNACK',900);
INSERT INTO PRODUCT VALUES (102,'PEANUT SNACK',1000);
INSERT INTO PRODUCT VALUES (103,'SESAME SNACK',900);
INSERT INTO PRODUCT VALUES (104,'ONION SNACK',800);
INSERT INTO PRODUCT VALUES (105,'SWEET POTATO SNACK',1500);
COMMIT;

DROP TABLE PANMAE PURGE ;

CREATE TABLE PANMAE
( P_DATE VARCHAR2(8) NOT NULL,
  P_CODE NUMBER NOT NULL,
  P_QTY  NUMBER ,
  P_TOTAL NUMBER ,
  P_STORE VARCHAR2(5) );


INSERT INTO PANMAE VALUES ('20110101',100,3,2400,'1000');
INSERT INTO PANMAE VALUES ('20110101',101,5,4500,'1001');
INSERT INTO PANMAE VALUES ('20110101',102,2,2000,'1003');
INSERT INTO PANMAE VALUES ('20110101',103,6,5400,'1004');
INSERT INTO PANMAE VALUES ('20110102',102,2,2000,'1000');
INSERT INTO PANMAE VALUES ('20110102',103,5,4500,'1002');
INSERT INTO PANMAE VALUES ('20110102',104,3,2400,'1002');
INSERT INTO PANMAE VALUES ('20110102',105,2,3000,'1000');
INSERT INTO PANMAE VALUES ('20110103',100,10,8000,'1004');
INSERT INTO PANMAE VALUES ('20110103',100,2,1600,'1000');
INSERT INTO PANMAE VALUES ('20110103',100,3,2400,'1001');
INSERT INTO PANMAE VALUES ('20110103',101,4,3600,'1003');
INSERT INTO PANMAE VALUES ('20110104',100,2,1600,'1002');
INSERT INTO PANMAE VALUES ('20110104',100,4,3200,'1003');
INSERT INTO PANMAE VALUES ('20110104',100,5,4000,'1004');
INSERT INTO PANMAE VALUES ('20110104',101,3,2700,'1001');
INSERT INTO PANMAE VALUES ('20110104',101,4,3600,'1002');
INSERT INTO PANMAE VALUES ('20110104',101,3,2700,'1003');
INSERT INTO PANMAE VALUES ('20110104',102,4,4000,'1001');
INSERT INTO PANMAE VALUES ('20110104',102,2,2000,'1002');
INSERT INTO PANMAE VALUES ('20110104',103,2,1800,'1003');


COMMIT;

DROP TABLE MEMBER PURGE ;
CREATE TABLE MEMBER
(NO NUMBER(4) NOT NULL ,
 NAME VARCHAR2(20) NOT NULL ,
 JUMIN CHAR(13) PRIMARY KEY ,
 PASSWD VARCHAR2(10) NOT NULL ,
 ID  VARCHAR2(10) NOT NULL UNIQUE ,
 AN_KEY VARCHAR2(10) ,
 AN_KEY_DAP  VARCHAR2(15) );


INSERT INTO MEMBER
 VALUES (1001,'NICHOLAS CAGE','7510231234567','A1234','SIMSON','WIFE?','JODIE FOSTER') ;

INSERT INTO MEMBER
 VALUES(1002,'JODIE FOSTER','7509222345678','B1234','BOBBY','HUSBAND?','NICHOLAS CAGE') ;

INSERT INTO MEMBER
 VALUES (1003,'MACAULAY CULKIN','1410234567890','C1234','DADDY','FATHER?','NICHOLAS CAGE');

INSERT INTO MEMBER
 VALUES (1004,'NICOLE KIDMAN','1609223456789','D1234','MOMMY','MATHER?','JODIE FOSTER') ;



COMMIT;
DROP TABLE T_REG2 PURGE ;
CREATE TABLE T_REG2
(NO NUMBER , 
 IP VARCHAR2(20));

INSERT INTO T_REG2 VALUES (1,'10.10.0.1') ;
INSERT INTO T_REG2 VALUES (2,'10.10.10.1') ;
INSERT INTO T_REG2 VALUES (3,'172.16.5.100') ;
INSERT INTO T_REG2 VALUES (4,'172.61.186.2') ;
INSERT INTO T_REG2 VALUES (5,'172.61.168.2') ;
INSERT INTO T_REG2 VALUES (6,'255.255.255.0') ;
COMMIT;

DROP TABLE FRUIT PURGE ;
CREATE TABLE FRUIT (NAME VARCHAR2(10) , PRICE NUMBER(5)) ;
INSERT INTO FRUIT VALUES ('APPLE' , 100) ;
INSERT INTO FRUIT VALUES ('GRAPE' , 200) ;
INSERT INTO FRUIT VALUES ('ORANGE' ,300) ;
COMMIT;

DROP TABLE LOAN PURGE ;

CREATE TABLE LOAN
( L_DATE VARCHAR2(8) NOT NULL,
  L_CODE NUMBER NOT NULL,
  L_QTY  NUMBER ,
  L_TOTAL NUMBER ,
  L_STORE VARCHAR2(5) );


INSERT INTO LOAN VALUES ('20110101',100,3,2400,'1000');
INSERT INTO LOAN VALUES ('20110101',101,5,4500,'1001');
INSERT INTO LOAN VALUES ('20110101',102,2,2000,'1003');
INSERT INTO LOAN VALUES ('20110101',103,6,5400,'1004');
INSERT INTO LOAN VALUES ('20110102',102,2,2000,'1000');
INSERT INTO LOAN VALUES ('20110102',103,5,4500,'1002');
INSERT INTO LOAN VALUES ('20110102',104,3,2400,'1002');
INSERT INTO LOAN VALUES ('20110102',105,2,3000,'1000');
INSERT INTO LOAN VALUES ('20110103',100,10,8000,'1004');
INSERT INTO LOAN VALUES ('20110103',100,2,1600,'1000');
INSERT INTO LOAN VALUES ('20110103',100,3,2400,'1001');
INSERT INTO LOAN VALUES ('20110103',101,4,3600,'1003');
INSERT INTO LOAN VALUES ('20110104',100,2,1600,'1002');
INSERT INTO LOAN VALUES ('20110104',100,4,3200,'1003');
INSERT INTO LOAN VALUES ('20110104',100,5,4000,'1004');
INSERT INTO LOAN VALUES ('20110104',101,3,2700,'1001');
INSERT INTO LOAN VALUES ('20110104',101,4,3600,'1002');
INSERT INTO LOAN VALUES ('20110104',101,3,2700,'1003');
INSERT INTO LOAN VALUES ('20110104',102,4,4000,'1001');
INSERT INTO LOAN VALUES ('20110104',102,2,2000,'1002');
INSERT INTO LOAN VALUES ('20110104',103,2,1800,'1003');


COMMIT;

